id,username,email,created_at
1,clearlagoon83,clearlagoon83@relay.cloud,2025-07-18 23:45:12
2,mellowfield99,mellowfield99@seeded.app,2025-09-10 20:43:41
3,ivoryorbit13,ivoryorbit13@opswise.net,2025-04-14 13:23:39
4,livelyjourney89,livelyjourney89@hackstack.io,2025-02-21 21:03:42
5,rapidpioneer20,rapidpioneer20@example.com,2025-07-13 12:24:26
6,rapidnetwork37,rapidnetwork37@example.com,2025-09-09 05:30:18
7,warmlagoon45,warmlagoon45@seeded.app,2025-08-29 21:21:15
8,proudwindow05,proudwindow05@example.com,2025-02-07 16:48:25
9,vividmeadow34,vividmeadow34@relay.cloud,2024-12-11 14:06:59
10,urbanquartz77,urbanquartz77@acme.dev,2026-01-29 03:54:34
11,silveranchor18,silveranchor18@acme.dev,2025-08-11 19:51:28
12,silverbeacon75,silverbeacon75@acme.dev,2025-01-21 05:56:29
13,warmnetwork37,warmnetwork37@opswise.net,2024-02-17 20:39:31
14,urbanjourney72,urbanjourney72@hackstack.io,2025-02-03 15:04:00
15,urbanvalley88,urbanvalley88@acme.dev,2024-01-09 21:55:19
16,urbandelta57,urbandelta57@relay.cloud,2024-11-26 13:30:43
17,clearfield28,clearfield28@example.com,2025-01-30 17:21:46
18,urbangarden09,urbangarden09@hackstack.io,2024-01-22 11:13:28
19,youngdelta19,youngdelta19@opswise.net,2025-08-01 23:02:28
20,opaluplink20,opaluplink20@acme.dev,2024-11-07 15:57:39
21,opalwindow28,opalwindow28@hackstack.io,2024-11-30 14:29:04
22,opalgarden09,opalgarden09@example.com,2024-07-18 17:43:03
23,clearkernel31,clearkernel31@acme.dev,2025-03-21 05:52:40
24,ambergarden11,ambergarden11@seeded.app,2025-02-16 13:07:44
25,urbanzenith24,urbanzenith24@hackstack.io,2024-10-10 07:32:03
26,amberriver88,amberriver88@relay.cloud,2025-02-01 07:24:05
27,clearkernel81,clearkernel81@relay.cloud,2024-05-27 20:59:15
28,dawnkernel39,dawnkernel39@acme.dev,2024-03-31 18:24:02
29,youngkernel77,youngkernel77@relay.cloud,2024-12-04 09:54:55
30,tidytrail02,tidytrail02@opswise.net,2024-05-09 14:35:09
31,livelypioneer02,livelypioneer02@seeded.app,2024-08-21 04:03:51
32,embercanyon52,embercanyon52@hackstack.io,2025-06-25 16:43:12
33,livelyvalley88,livelyvalley88@relay.cloud,2025-02-02 12:04:04
34,tidyfield00,tidyfield00@acme.dev,2024-01-11 06:57:36
35,tidyjourney46,tidyjourney46@acme.dev,2024-12-09 02:06:07
36,opalisland35,opalisland35@relay.cloud,2025-07-01 15:28:55
37,forestfield37,forestfield37@hackstack.io,2024-08-16 10:35:11
38,quietengine13,quietengine13@relay.cloud,2024-12-18 21:52:09
39,forestvalley14,forestvalley14@seeded.app,2025-12-01 00:39:14
40,rapidzenith53,rapidzenith53@seeded.app,2025-02-26 00:44:53
41,youngfield64,youngfield64@relay.cloud,2024-05-17 01:42:00
42,rapidbeacon49,rapidbeacon49@example.com,2025-12-29 02:25:36
43,jadeanchor31,jadeanchor31@acme.dev,2025-03-21 07:36:19
44,silvervalley31,silvervalley31@seeded.app,2024-12-30 02:18:23
45,dawnisland32,dawnisland32@hackstack.io,2024-11-11 09:11:24
46,keensignal29,keensignal29@hackstack.io,2024-03-17 08:19:41
47,mellowzenith97,mellowzenith97@hackstack.io,2025-01-22 16:38:48
48,navyfield75,navyfield75@hackstack.io,2025-02-12 23:58:07
49,navyyard43,navyyard43@relay.cloud,2025-11-28 22:49:06
50,prouduplink06,prouduplink06@hackstack.io,2024-10-28 21:05:11
51,clearharvest29,clearharvest29@hackstack.io,2025-06-12 18:01:52
52,cobaltfield48,cobaltfield48@opswise.net,2024-03-20 05:31:11
53,urbanfield21,urbanfield21@seeded.app,2025-06-18 03:05:26
54,goldzenith09,goldzenith09@example.com,2025-12-12 16:35:18
55,cobaltuplink50,cobaltuplink50@relay.cloud,2025-02-12 01:44:40
56,calmfield09,calmfield09@example.com,2025-08-27 23:14:47
57,calmvalley89,calmvalley89@hackstack.io,2025-12-15 23:46:04
58,proudlagoon21,proudlagoon21@relay.cloud,2025-05-01 14:27:03
59,forestriver26,forestriver26@example.com,2024-03-13 20:27:43
60,forestvalley76,forestvalley76@seeded.app,2024-02-11 22:29:16
61,harbormeadow51,harbormeadow51@example.com,2025-11-26 18:04:44
62,keengarden52,keengarden52@relay.cloud,2025-03-29 14:33:58
63,quietjourney19,quietjourney19@example.com,2024-01-30 08:30:49
64,quietsignal88,quietsignal88@acme.dev,2024-01-21 09:46:22
65,warmvalley10,warmvalley10@hackstack.io,2024-03-31 03:04:14
66,warmengine74,warmengine74@example.com,2024-09-27 07:32:59
67,jadewindow90,jadewindow90@seeded.app,2025-12-19 13:46:54
68,livelyjourney20,livelyjourney20@hackstack.io,2025-04-03 20:32:36
69,harbordelta35,harbordelta35@example.com,2024-08-11 18:41:39
70,vividengine85,vividengine85@relay.cloud,2026-01-16 08:30:45
71,forestanchor42,forestanchor42@opswise.net,2025-05-07 12:29:21
72,proudlagoon95,proudlagoon95@relay.cloud,2025-11-30 17:53:42
73,tidyvalley56,tidyvalley56@hackstack.io,2026-01-12 03:42:48
74,proudlagoon54,proudlagoon54@relay.cloud,2024-10-21 15:50:22
75,briskgarden14,briskgarden14@acme.dev,2025-03-26 04:52:09
76,forestyard09,forestyard09@acme.dev,2025-04-18 23:39:18
77,livelysignal76,livelysignal76@seeded.app,2025-11-07 01:16:01
78,urbanorbit54,urbanorbit54@example.com,2025-04-10 21:55:50
79,briskmeadow92,briskmeadow92@relay.cloud,2025-07-15 13:35:02
80,amberpioneer84,amberpioneer84@relay.cloud,2025-03-23 10:26:36
81,cobaltorbit01,cobaltorbit01@acme.dev,2025-05-01 02:41:25
82,proudquartz99,proudquartz99@example.com,2025-12-20 13:20:19
83,keenzenith01,keenzenith01@seeded.app,2025-03-06 18:16:14
84,harbordelta51,harbordelta51@example.com,2024-05-08 03:58:08
85,forestpioneer47,forestpioneer47@hackstack.io,2025-07-06 11:19:12
86,urbanquartz97,urbanquartz97@relay.cloud,2025-05-06 17:36:23
87,proudlagoon92,proudlagoon92@seeded.app,2024-06-27 07:01:22
88,rapidwindow16,rapidwindow16@opswise.net,2024-03-03 23:01:31
89,jademeadow21,jademeadow21@hackstack.io,2025-04-30 17:51:37
90,urbankernel52,urbankernel52@relay.cloud,2025-08-04 18:23:49
91,rapidfield07,rapidfield07@example.com,2024-08-27 23:05:24
92,clearjourney18,clearjourney18@example.com,2024-11-17 09:32:18
93,navyorbit95,navyorbit95@hackstack.io,2025-11-25 01:03:17
94,foresttrail28,foresttrail28@example.com,2024-10-30 02:00:20
95,ivorycanyon23,ivorycanyon23@opswise.net,2024-05-15 05:28:02
96,harbortrail01,harbortrail01@acme.dev,2024-07-02 15:29:53
97,livelynetwork62,livelynetwork62@hackstack.io,2025-02-10 16:16:58
98,ivorypioneer19,ivorypioneer19@acme.dev,2025-07-20 01:46:15
99,ivorytrail71,ivorytrail71@opswise.net,2025-09-16 11:18:07
100,vividwindow20,vividwindow20@seeded.app,2024-02-19 13:10:27
101,mellowsignal51,mellowsignal51@seeded.app,2024-07-19 17:38:46
102,ivoryquartz55,ivoryquartz55@opswise.net,2024-08-02 01:24:05
103,calmdelta98,calmdelta98@hackstack.io,2025-05-02 10:48:54
104,warmcanyon31,warmcanyon31@example.com,2024-12-06 19:39:30
105,harboryard40,harboryard40@hackstack.io,2025-11-15 13:31:15
106,clearorbit06,clearorbit06@example.com,2025-09-25 08:57:33
107,opalgarden75,opalgarden75@hackstack.io,2025-04-08 10:28:10
108,dawnuplink50,dawnuplink50@opswise.net,2025-04-10 22:48:58
109,livelyquartz33,livelyquartz33@acme.dev,2025-05-02 00:33:38
110,keensignal28,keensignal28@hackstack.io,2025-08-04 19:59:45
111,opalvalley63,opalvalley63@hackstack.io,2025-01-30 00:12:39
112,silverisland63,silverisland63@opswise.net,2024-04-17 04:52:56
113,harborsignal60,harborsignal60@opswise.net,2024-06-22 01:31:25
114,cobaltvalley95,cobaltvalley95@example.com,2024-06-21 21:01:15
115,opalzenith43,opalzenith43@example.com,2024-10-10 00:55:06
116,quietfield70,quietfield70@relay.cloud,2024-07-31 12:23:04
117,forestbeacon75,forestbeacon75@hackstack.io,2025-08-15 09:18:40
118,silvergarden06,silvergarden06@seeded.app,2025-03-18 07:04:11
119,mellowpioneer39,mellowpioneer39@seeded.app,2025-05-05 19:21:13
120,quietjourney18,quietjourney18@example.com,2024-06-04 14:21:23
121,tidyjourney07,tidyjourney07@seeded.app,2024-01-01 14:53:36
122,livelypioneer73,livelypioneer73@opswise.net,2024-01-28 00:21:36
123,opaltrail51,opaltrail51@hackstack.io,2025-07-16 10:19:09
124,goldsignal90,goldsignal90@opswise.net,2024-02-13 09:19:27
125,forestwindow80,forestwindow80@opswise.net,2025-09-18 07:07:18
126,calmkernel04,calmkernel04@hackstack.io,2025-08-02 01:34:24
127,keenuplink90,keenuplink90@opswise.net,2025-06-18 20:26:21
128,emberyard59,emberyard59@opswise.net,2024-09-05 06:08:54
129,amberisland70,amberisland70@acme.dev,2025-03-30 17:04:17
130,mellowmeadow67,mellowmeadow67@relay.cloud,2024-09-09 10:38:56
131,opalharvest77,opalharvest77@opswise.net,2025-03-26 18:23:50
132,keenjourney89,keenjourney89@example.com,2025-04-09 04:23:50
133,livelyfield58,livelyfield58@relay.cloud,2025-11-16 01:13:14
134,briskquartz70,briskquartz70@acme.dev,2024-06-15 04:57:00
135,ambergarden92,ambergarden92@seeded.app,2025-02-17 14:59:58
136,clearcanyon74,clearcanyon74@acme.dev,2025-01-11 04:25:17
137,opalnetwork88,opalnetwork88@seeded.app,2024-12-03 07:43:42
138,mellowmeadow44,mellowmeadow44@example.com,2025-07-02 20:57:53
139,calmuplink18,calmuplink18@example.com,2025-04-24 17:21:06
140,proudzenith17,proudzenith17@hackstack.io,2024-08-13 18:44:35
141,livelyanchor83,livelyanchor83@opswise.net,2024-12-25 17:04:58
142,keenlagoon69,keenlagoon69@relay.cloud,2024-07-08 02:50:45
143,tidylagoon68,tidylagoon68@acme.dev,2025-09-25 03:52:37
144,mellowtrail57,mellowtrail57@opswise.net,2025-12-18 21:12:13
145,tidypioneer66,tidypioneer66@example.com,2024-08-05 23:49:23
146,goldsignal30,goldsignal30@acme.dev,2025-12-27 12:13:11
147,clearisland57,clearisland57@acme.dev,2025-08-30 18:57:20
148,proudpioneer51,proudpioneer51@seeded.app,2024-07-15 16:41:26
149,opallagoon41,opallagoon41@example.com,2024-11-28 20:03:27
150,urbanjourney05,urbanjourney05@opswise.net,2025-09-17 21:51:23
151,forestfield00,forestfield00@opswise.net,2025-09-25 04:44:18
152,ivorygarden45,ivorygarden45@relay.cloud,2024-10-12 21:16:47
153,cobaltuplink51,cobaltuplink51@hackstack.io,2025-12-16 17:50:39
154,ivoryyard00,ivoryyard00@seeded.app,2024-09-08 09:26:28
155,briskjourney22,briskjourney22@example.com,2025-09-07 07:23:31
156,calmcanyon51,calmcanyon51@hackstack.io,2025-08-16 15:18:25
157,vividjourney88,vividjourney88@acme.dev,2025-01-13 04:19:48
158,calmkernel40,calmkernel40@opswise.net,2025-01-08 14:03:09
159,harborjourney74,harborjourney74@opswise.net,2024-11-28 23:53:11
160,clearbeacon91,clearbeacon91@opswise.net,2025-01-07 04:25:44
161,ivorygarden28,ivorygarden28@seeded.app,2025-07-02 09:21:32
162,keengarden94,keengarden94@seeded.app,2025-08-08 02:23:03
163,navyriver73,navyriver73@opswise.net,2025-02-11 18:30:11
164,rapidengine76,rapidengine76@acme.dev,2024-12-25 23:51:57
165,proudmeadow54,proudmeadow54@relay.cloud,2024-09-22 01:46:14
166,keenriver21,keenriver21@relay.cloud,2024-03-15 07:29:29
167,navyuplink30,navyuplink30@acme.dev,2024-07-28 00:58:42
168,amberyard95,amberyard95@relay.cloud,2024-04-04 19:26:27
169,emberbeacon24,emberbeacon24@acme.dev,2024-10-17 06:23:45
170,vividuplink84,vividuplink84@seeded.app,2025-09-16 05:24:43
171,harborcanyon93,harborcanyon93@hackstack.io,2025-10-25 04:20:59
172,mellowtrail18,mellowtrail18@relay.cloud,2025-07-30 10:02:26
173,vividorbit22,vividorbit22@seeded.app,2025-02-25 13:04:42
174,emberorbit44,emberorbit44@hackstack.io,2025-09-18 08:26:59
175,vividriver04,vividriver04@relay.cloud,2024-06-12 22:58:48
176,goldyard97,goldyard97@seeded.app,2025-10-09 03:52:18
177,quietanchor31,quietanchor31@hackstack.io,2025-10-14 15:05:09
178,opalorbit88,opalorbit88@hackstack.io,2024-09-18 21:09:07
179,jadeorbit09,jadeorbit09@opswise.net,2025-04-03 16:35:11
180,warmkernel40,warmkernel40@acme.dev,2024-03-03 14:36:43
181,prouduplink41,prouduplink41@relay.cloud,2025-10-16 15:33:15
182,harborwindow16,harborwindow16@relay.cloud,2024-02-11 19:50:33
183,ambersignal07,ambersignal07@hackstack.io,2024-01-09 23:10:07
184,warmcanyon89,warmcanyon89@relay.cloud,2024-08-19 08:44:30
185,quietisland46,quietisland46@relay.cloud,2024-08-02 16:01:53
186,clearyard89,clearyard89@hackstack.io,2024-12-04 04:02:29
187,jadeorbit84,jadeorbit84@hackstack.io,2024-11-14 11:33:25
188,briskmeadow58,briskmeadow58@hackstack.io,2024-07-05 18:54:18
189,cobaltmeadow57,cobaltmeadow57@opswise.net,2024-01-15 10:33:47
190,amberorbit94,amberorbit94@example.com,2025-11-14 03:04:37
191,mellowkernel50,mellowkernel50@example.com,2024-07-05 08:38:52
192,rapidpioneer66,rapidpioneer66@opswise.net,2025-05-02 21:39:05
193,forestriver77,forestriver77@example.com,2025-10-28 14:30:07
194,youngnetwork52,youngnetwork52@hackstack.io,2024-02-05 08:51:27
195,calmharvest65,calmharvest65@hackstack.io,2025-12-12 21:34:46
196,quietriver63,quietriver63@example.com,2025-12-05 18:09:48
197,jadeisland76,jadeisland76@opswise.net,2025-09-21 08:50:39
198,harboranchor77,harboranchor77@example.com,2025-05-30 14:54:22
199,clearkernel55,clearkernel55@acme.dev,2025-08-27 23:45:08
200,urbananchor93,urbananchor93@opswise.net,2024-07-31 16:58:14
201,tidyharvest65,tidyharvest65@relay.cloud,2024-05-29 14:13:45
202,amberdelta64,amberdelta64@opswise.net,2025-08-19 06:34:08
203,dawngarden78,dawngarden78@example.com,2024-05-21 18:54:27
204,mellowmeadow72,mellowmeadow72@hackstack.io,2025-10-23 14:20:38
205,youngquartz62,youngquartz62@acme.dev,2025-04-15 01:07:45
206,emberdelta84,emberdelta84@hackstack.io,2025-10-11 10:03:26
207,emberharvest84,emberharvest84@hackstack.io,2024-06-25 06:27:44
208,proudanchor78,proudanchor78@acme.dev,2024-08-21 05:36:30
209,opalriver34,opalriver34@relay.cloud,2025-08-10 10:34:25
210,youngriver35,youngriver35@opswise.net,2024-07-08 20:02:10
211,warmfield72,warmfield72@seeded.app,2024-05-26 20:46:50
212,ivoryorbit30,ivoryorbit30@example.com,2024-05-03 12:08:39
213,ivorymeadow30,ivorymeadow30@relay.cloud,2025-08-27 01:00:07
214,emberpioneer24,emberpioneer24@acme.dev,2025-06-29 23:27:19
215,amberisland26,amberisland26@seeded.app,2024-12-24 12:49:13
216,jadekernel82,jadekernel82@relay.cloud,2024-01-03 10:01:19
217,rapidwindow46,rapidwindow46@hackstack.io,2025-07-18 04:03:23
218,cleartrail87,cleartrail87@hackstack.io,2024-06-29 03:06:39
219,proudsignal72,proudsignal72@seeded.app,2025-07-29 14:52:56
220,briskfield21,briskfield21@relay.cloud,2024-10-26 02:33:46
221,younguplink10,younguplink10@acme.dev,2025-03-03 07:11:58
222,jaderiver59,jaderiver59@hackstack.io,2025-06-02 06:48:47
223,rapidanchor16,rapidanchor16@acme.dev,2025-12-06 10:02:17
224,keencanyon50,keencanyon50@hackstack.io,2024-11-11 00:28:17
225,keenbeacon72,keenbeacon72@opswise.net,2026-01-18 10:12:39
226,goldlagoon75,goldlagoon75@example.com,2024-02-05 17:18:03
227,proudkernel28,proudkernel28@hackstack.io,2025-04-22 03:29:12
228,keenorbit73,keenorbit73@acme.dev,2024-01-26 22:20:20
229,rapidlagoon79,rapidlagoon79@seeded.app,2024-10-30 01:54:06
230,mellowsignal72,mellowsignal72@opswise.net,2024-03-05 15:09:49
231,warmuplink33,warmuplink33@acme.dev,2025-06-29 08:34:21
232,calmharvest38,calmharvest38@opswise.net,2025-03-22 05:11:38
233,ivorywindow65,ivorywindow65@relay.cloud,2025-10-21 12:11:51
234,keenorbit03,keenorbit03@hackstack.io,2025-04-29 06:08:30
235,ivorybeacon34,ivorybeacon34@hackstack.io,2024-12-25 09:48:19
236,dawnyard01,dawnyard01@relay.cloud,2025-07-13 02:02:03
237,dawnnetwork90,dawnnetwork90@seeded.app,2025-05-14 15:58:15
238,clearzenith92,clearzenith92@hackstack.io,2024-08-31 13:40:58
239,mellowdelta44,mellowdelta44@acme.dev,2024-12-06 16:45:48
240,urbantrail92,urbantrail92@example.com,2024-03-13 00:30:05
241,warmsignal17,warmsignal17@acme.dev,2024-10-03 20:11:37
242,urbandelta37,urbandelta37@acme.dev,2024-12-09 22:49:18
243,dawngarden65,dawngarden65@acme.dev,2024-04-23 21:19:48
244,harborsignal41,harborsignal41@hackstack.io,2024-12-12 07:34:15
245,vividfield92,vividfield92@acme.dev,2024-09-30 09:24:30
246,mellowkernel17,mellowkernel17@example.com,2024-01-22 20:31:21
247,opalriver33,opalriver33@acme.dev,2025-10-16 06:35:57
248,tidydelta30,tidydelta30@acme.dev,2025-05-23 01:54:01
249,dawnuplink78,dawnuplink78@seeded.app,2025-10-24 11:26:23
250,keenisland33,keenisland33@opswise.net,2025-06-22 18:37:46
251,dawnuplink21,dawnuplink21@example.com,2025-10-28 16:42:35
252,briskjourney63,briskjourney63@seeded.app,2025-06-25 06:45:41
253,goldwindow29,goldwindow29@relay.cloud,2024-03-03 17:08:57
254,rapidjourney81,rapidjourney81@relay.cloud,2025-05-21 13:39:40
255,opalnetwork69,opalnetwork69@seeded.app,2025-09-01 20:12:13
256,silverpioneer27,silverpioneer27@seeded.app,2024-10-24 13:40:14
257,vividvalley98,vividvalley98@acme.dev,2025-06-02 09:21:37
258,vividharvest88,vividharvest88@example.com,2024-03-10 08:42:02
259,tidyisland91,tidyisland91@seeded.app,2024-04-22 10:57:26
260,youngmeadow78,youngmeadow78@hackstack.io,2024-09-24 03:12:44
261,goldkernel37,goldkernel37@seeded.app,2024-09-26 02:43:12
262,vividvalley03,vividvalley03@relay.cloud,2025-06-06 03:57:42
263,urbankernel97,urbankernel97@relay.cloud,2024-06-27 21:34:44
264,cobaltbeacon31,cobaltbeacon31@opswise.net,2024-10-28 11:56:47
265,embernetwork42,embernetwork42@seeded.app,2025-12-23 22:18:44
266,silvertrail06,silvertrail06@example.com,2025-04-02 05:52:48
267,vividpioneer95,vividpioneer95@hackstack.io,2024-07-18 02:57:14
268,embersignal90,embersignal90@acme.dev,2025-02-23 01:39:42
269,navybeacon70,navybeacon70@relay.cloud,2024-06-21 14:31:18
270,keenlagoon29,keenlagoon29@hackstack.io,2024-07-17 12:41:57
271,ivorykernel67,ivorykernel67@acme.dev,2024-08-23 14:50:13
272,calmorbit23,calmorbit23@opswise.net,2025-12-22 19:30:26
273,cobaltwindow49,cobaltwindow49@example.com,2025-09-14 01:57:37
274,forestyard76,forestyard76@example.com,2024-06-17 13:46:04
275,embergarden14,embergarden14@hackstack.io,2024-01-27 05:20:39
276,keensignal46,keensignal46@seeded.app,2025-04-03 23:19:50
277,jadeharvest82,jadeharvest82@seeded.app,2025-12-08 19:31:23
278,younglagoon47,younglagoon47@relay.cloud,2026-01-26 10:12:44
279,urbanbeacon74,urbanbeacon74@acme.dev,2025-08-25 09:57:02
280,rapidyard80,rapidyard80@relay.cloud,2024-07-05 08:19:13
281,calmquartz97,calmquartz97@hackstack.io,2024-10-04 19:30:03
282,livelyisland62,livelyisland62@relay.cloud,2024-05-05 11:05:51
283,warmdelta72,warmdelta72@opswise.net,2025-02-18 10:29:33
284,cleartrail37,cleartrail37@seeded.app,2024-08-05 12:49:25
285,calmyard66,calmyard66@example.com,2025-08-09 22:38:40
286,mellowjourney84,mellowjourney84@hackstack.io,2025-07-07 18:57:27
287,opaljourney63,opaljourney63@opswise.net,2026-01-14 16:03:51
288,tidyvalley62,tidyvalley62@opswise.net,2025-06-10 01:04:57
289,amberyard90,amberyard90@opswise.net,2024-07-22 07:38:57
290,forestisland77,forestisland77@opswise.net,2024-01-17 19:52:49
291,livelymeadow79,livelymeadow79@acme.dev,2024-08-28 02:36:25
292,emberfield52,emberfield52@acme.dev,2026-01-25 20:11:27
293,warmkernel40,warmkernel40@relay.cloud,2024-11-10 07:38:18
294,dawnzenith63,dawnzenith63@relay.cloud,2025-05-18 12:49:25
295,opalfield40,opalfield40@acme.dev,2026-01-05 15:27:14
296,dawnwindow98,dawnwindow98@opswise.net,2024-07-30 05:47:32
297,cobaltzenith11,cobaltzenith11@example.com,2024-08-25 16:17:38
298,jadevalley57,jadevalley57@relay.cloud,2024-11-18 00:42:55
299,cobalttrail72,cobalttrail72@hackstack.io,2024-09-18 01:56:19
300,keenharvest14,keenharvest14@relay.cloud,2024-03-21 01:39:11
301,navyisland73,navyisland73@hackstack.io,2026-01-15 10:48:00
302,forestdelta73,forestdelta73@hackstack.io,2024-04-26 17:10:38
303,quietwindow16,quietwindow16@opswise.net,2025-12-06 12:41:54
304,dawnfield46,dawnfield46@relay.cloud,2025-06-14 00:23:28
305,rapidengine01,rapidengine01@example.com,2024-03-04 21:29:52
306,dawnfield68,dawnfield68@opswise.net,2024-05-19 14:37:05
307,navyzenith85,navyzenith85@example.com,2025-04-17 15:05:22
308,dawngarden62,dawngarden62@hackstack.io,2024-05-21 11:31:34
309,youngmeadow48,youngmeadow48@acme.dev,2025-12-02 22:57:10
310,clearriver47,clearriver47@relay.cloud,2025-11-04 15:48:08
311,youngyard21,youngyard21@acme.dev,2024-12-27 06:08:05
312,opalbeacon47,opalbeacon47@hackstack.io,2024-04-25 07:12:00
313,silvermeadow82,silvermeadow82@opswise.net,2025-09-09 06:48:58
314,vividyard97,vividyard97@opswise.net,2024-09-15 04:20:44
315,youngzenith27,youngzenith27@example.com,2024-08-10 09:36:22
316,ivoryengine01,ivoryengine01@seeded.app,2025-10-01 10:31:03
317,cobaltnetwork02,cobaltnetwork02@acme.dev,2024-12-29 10:16:24
318,jadewindow41,jadewindow41@acme.dev,2024-11-21 14:24:37
319,warmtrail93,warmtrail93@example.com,2025-02-09 00:51:15
320,opalengine28,opalengine28@hackstack.io,2025-06-18 14:24:02
321,livelyyard04,livelyyard04@example.com,2025-12-01 16:52:59
322,rapiddelta64,rapiddelta64@relay.cloud,2025-12-18 16:03:42
323,quietnetwork79,quietnetwork79@opswise.net,2024-06-23 07:14:47
324,warmorbit43,warmorbit43@opswise.net,2025-03-02 15:23:07
325,opalsignal78,opalsignal78@example.com,2024-03-19 12:19:18
326,ambervalley31,ambervalley31@hackstack.io,2025-06-15 13:21:30
327,amberriver64,amberriver64@seeded.app,2024-11-21 04:03:47
328,keenriver28,keenriver28@example.com,2025-04-16 11:22:34
329,youngriver42,youngriver42@acme.dev,2025-04-20 04:38:45
330,cobaltorbit24,cobaltorbit24@relay.cloud,2024-08-19 10:16:37
331,livelytrail24,livelytrail24@seeded.app,2026-01-05 15:58:54
332,harborvalley41,harborvalley41@hackstack.io,2024-04-24 06:55:17
333,proudquartz10,proudquartz10@relay.cloud,2024-05-04 20:59:57
334,silvergarden34,silvergarden34@example.com,2025-02-10 00:19:19
335,quietkernel88,quietkernel88@opswise.net,2024-04-26 09:49:26
336,briskorbit94,briskorbit94@hackstack.io,2024-09-08 18:10:36
337,vividengine78,vividengine78@hackstack.io,2024-01-09 08:06:24
338,amberwindow26,amberwindow26@opswise.net,2025-10-06 07:58:02
339,harborjourney80,harborjourney80@acme.dev,2024-07-11 21:52:08
340,proudwindow13,proudwindow13@seeded.app,2024-11-29 05:48:13
341,cleartrail16,cleartrail16@example.com,2025-08-12 13:14:45
342,youngharvest01,youngharvest01@hackstack.io,2025-05-22 09:40:47
343,foresttrail08,foresttrail08@acme.dev,2024-09-27 22:17:30
344,proudgarden16,proudgarden16@example.com,2024-01-26 18:47:19
345,livelynetwork95,livelynetwork95@opswise.net,2024-11-26 20:30:59
346,navyriver55,navyriver55@seeded.app,2024-10-23 12:16:37
347,livelyengine45,livelyengine45@seeded.app,2025-08-23 12:33:47
348,harborengine92,harborengine92@relay.cloud,2026-01-20 05:29:30
349,cobaltharvest07,cobaltharvest07@relay.cloud,2024-12-25 03:30:42
350,quietmeadow86,quietmeadow86@relay.cloud,2025-11-22 09:46:51
351,forestjourney12,forestjourney12@acme.dev,2025-05-16 21:30:26
352,emberanchor46,emberanchor46@relay.cloud,2025-03-31 04:51:46
353,mellowyard88,mellowyard88@relay.cloud,2025-09-15 23:15:34
354,forestvalley40,forestvalley40@example.com,2024-05-27 05:13:41
355,warmcanyon72,warmcanyon72@seeded.app,2025-12-30 10:39:37
356,keenorbit23,keenorbit23@hackstack.io,2024-12-01 12:17:52
357,briskyard54,briskyard54@relay.cloud,2024-08-06 11:56:47
358,mellowjourney11,mellowjourney11@hackstack.io,2024-12-11 10:56:58
359,cobaltuplink80,cobaltuplink80@opswise.net,2024-04-24 19:20:33
360,tidynetwork70,tidynetwork70@acme.dev,2024-12-02 19:57:47
361,mellowharvest94,mellowharvest94@relay.cloud,2025-09-01 07:06:45
362,opalkernel53,opalkernel53@hackstack.io,2024-11-29 05:04:46
363,ivoryisland92,ivoryisland92@acme.dev,2025-03-31 03:44:09
364,forestorbit42,forestorbit42@relay.cloud,2025-09-24 15:40:02
365,livelyorbit45,livelyorbit45@hackstack.io,2025-07-19 02:11:15
366,goldorbit36,goldorbit36@opswise.net,2024-01-30 05:32:47
367,urbanengine26,urbanengine26@relay.cloud,2025-05-24 12:26:38
368,opaluplink38,opaluplink38@seeded.app,2024-06-02 09:21:27
369,silverlagoon78,silverlagoon78@relay.cloud,2024-11-02 04:51:56
370,tidylagoon98,tidylagoon98@acme.dev,2025-10-26 22:38:41
371,navyzenith72,navyzenith72@seeded.app,2025-07-05 16:16:04
372,ambernetwork43,ambernetwork43@example.com,2024-10-28 09:56:20
373,vividisland58,vividisland58@acme.dev,2024-02-16 18:35:27
374,emberjourney40,emberjourney40@hackstack.io,2024-12-31 15:01:01
375,emberharvest64,emberharvest64@opswise.net,2025-10-25 18:34:04
376,forestwindow46,forestwindow46@example.com,2024-08-09 20:24:54
377,youngbeacon56,youngbeacon56@acme.dev,2024-11-23 21:20:05
378,jadeengine38,jadeengine38@relay.cloud,2024-10-13 23:17:43
379,tidyfield88,tidyfield88@hackstack.io,2025-06-30 10:27:50
380,youngorbit56,youngorbit56@relay.cloud,2025-05-04 07:56:01
381,urbanmeadow16,urbanmeadow16@example.com,2025-07-06 08:00:19
382,harbornetwork87,harbornetwork87@seeded.app,2024-03-15 02:32:11
383,dawnjourney92,dawnjourney92@hackstack.io,2024-05-07 15:27:11
384,quietriver93,quietriver93@relay.cloud,2024-04-13 23:13:30
385,livelyisland58,livelyisland58@seeded.app,2024-06-27 17:21:23
386,keenwindow37,keenwindow37@example.com,2024-04-05 10:19:07
387,vividharvest92,vividharvest92@seeded.app,2025-08-08 10:46:35
388,livelyuplink75,livelyuplink75@acme.dev,2025-07-12 07:57:39
389,urbanwindow93,urbanwindow93@hackstack.io,2024-03-30 00:54:48
390,foresttrail26,foresttrail26@opswise.net,2025-08-21 03:10:45
391,vividkernel49,vividkernel49@example.com,2025-01-14 18:01:43
392,opalengine08,opalengine08@acme.dev,2024-08-28 08:21:24
393,livelyzenith20,livelyzenith20@hackstack.io,2025-02-08 22:27:56
394,youngcanyon61,youngcanyon61@example.com,2025-07-22 16:39:03
395,livelypioneer34,livelypioneer34@hackstack.io,2025-08-21 12:13:35
396,urbananchor39,urbananchor39@seeded.app,2025-08-19 07:47:54
397,youngbeacon93,youngbeacon93@relay.cloud,2025-06-25 13:07:56
398,jadeharvest31,jadeharvest31@relay.cloud,2024-10-15 11:17:58
399,quietquartz78,quietquartz78@opswise.net,2025-03-30 20:29:00
400,forestyard90,forestyard90@hackstack.io,2025-04-23 18:24:01
